Fecha,Fecha,Compra,Venta,Med,Sueldo,Real,Hoy,Pr3
2021-08-31,2021-08-31,176.5,181.5,179.0,77760,482.7,603375,603375.0
2021-09-01,2021-09-01,175.5,180.5,178.0,77760,485.4,606750,605062.5
2021-09-02,2021-09-02,176.0,181.0,178.0,77760,485.4,606750,605625.0
2021-09-03,2021-09-03,177.0,182.0,180.0,77760,480.0,600000,604218.8
2021-09-06,2021-09-06,178.0,182.0,180.0,77760,480.0,600000,603375.0
2021-09-07,2021-09-07,179.5,183.5,182.0,77760,474.7,593375,601708.3
2021-09-08,2021-09-08,183.0,187.0,185.0,77760,467.0,583750,599142.9
2021-09-09,2021-09-09,182.5,186.5,184.0,77760,469.6,587000,597625.0
2021-09-10,2021-09-10,181.0,185.0,183.0,77760,472.1,590125,596791.7
2021-09-13,2021-09-13,177.0,181.0,179.0,77760,482.7,603375,597450.0
2021-09-14,2021-09-14,178.5,182.5,180.0,77760,480.0,600000,597681.8
2021-09-15,2021-09-15,181.0,185.0,183.0,77760,472.1,590125,597052.1
2021-09-16,2021-09-16,182.0,186.0,184.0,77760,469.6,587000,596278.8
2021-09-17,2021-09-17,181.0,185.0,183.0,77760,472.1,590125,595839.3
2021-09-20,2021-09-20,180.0,184.0,182.0,77760,474.7,593375,595675.0
2021-09-21,2021-09-21,180.0,184.0,182.0,77760,474.7,593375,595531.2
2021-09-22,2021-09-22,181.0,185.0,183.0,77760,472.1,590125,595213.2
2021-09-23,2021-09-23,181.0,185.0,183.0,77760,472.1,590125,594930.6
2021-09-24,2021-09-24,182.0,186.0,184.0,77760,469.6,587000,594513.2
2021-09-27,2021-09-27,182.5,186.5,184.0,77760,469.6,587000,594137.5
2021-09-28,2021-09-28,183.0,187.0,185.0,77760,467.0,583750,593642.9
2021-09-29,2021-09-29,183.0,187.0,185.0,77760,467.0,583750,593193.2
2021-09-30,2021-09-30,182.0,186.0,184.0,77760,469.6,587000,592923.9
2021-10-01,2021-10-01,182.0,186.0,184.0,77760,469.6,587000,592677.1
2021-10-04,2021-10-04,181.0,185.0,183.0,77760,472.1,590125,592575.0
2021-10-05,2021-10-05,181.0,185.0,183.0,77760,472.1,590125,592480.8
2021-10-06,2021-10-06,181.5,185.5,184.0,77760,469.6,587000,592277.8
2021-10-07,2021-10-07,180.5,184.5,182.0,77760,474.7,593375,592317.0
2021-10-12,2021-10-12,181.0,185.0,183.0,77760,472.1,590125,592241.4
2021-10-13,2021-10-13,181.0,185.0,183.0,77760,472.1,590125,592170.8
2021-10-14,2021-10-14,181.5,185.5,184.0,77760,469.6,587000,591625.0
2021-10-15,2021-10-15,182.5,186.5,184.0,77760,469.6,587000,590966.7
2021-10-18,2021-10-18,181.5,185.5,184.0,77760,469.6,587000,590308.3
2021-10-19,2021-10-19,183.0,187.0,185.0,77760,467.0,583750,589766.7
2021-10-20,2021-10-20,184.0,188.0,186.0,77760,464.5,580625,589120.8
2021-10-21,2021-10-21,187.0,191.0,189.0,77760,457.1,571375,588387.5
2021-10-22,2021-10-22,191.0,195.0,193.0,77760,447.7,559625,587583.3
2021-10-25,2021-10-25,190.0,194.0,192.0,77760,450.0,562500,586766.7
2021-10-26,2021-10-26,192.0,196.0,194.0,77760,445.4,556750,585654.2
2021-10-27,2021-10-27,193.0,197.0,195.0,77760,443.1,553875,584004.2
2021-10-28,2021-10-28,194.0,198.0,196.0,77760,440.8,551000,582370.8
2021-10-29,2021-10-29,193.5,197.5,196.0,77760,440.8,551000,581066.7
2021-11-01,2021-11-01,192.5,196.5,194.0,77760,445.4,556750,580058.3
2021-11-02,2021-11-02,193.5,197.5,196.0,77760,440.8,551000,578754.2
2021-11-03,2021-11-03,195.0,199.0,197.0,77760,438.6,548250,577250.0
2021-11-04,2021-11-04,195.0,199.0,197.0,77760,438.6,548250,575745.8
2021-11-05,2021-11-05,195.0,199.0,197.0,77760,438.6,548250,574350.0
2021-11-08,2021-11-08,195.0,199.0,197.0,77760,438.6,548250,572954.2
2021-11-09,2021-11-09,195.5,199.5,198.0,77760,436.4,545500,571570.8
2021-11-10,2021-11-10,201.0,205.0,203.0,77760,425.6,532000,569737.5
2021-11-11,2021-11-11,202.5,206.5,204.0,77760,423.5,529375,567925.0
2021-11-12,2021-11-12,196.0,200.0,198.0,77760,436.4,545500,566650.0
2021-11-15,2021-11-15,195.5,199.5,198.0,77760,436.4,545500,565266.7
2021-11-16,2021-11-16,196.5,200.5,198.0,77760,436.4,545500,563883.3
2021-11-17,2021-11-17,197.5,201.5,200.0,77760,432.0,540000,562212.5
2021-11-18,2021-11-18,197.0,201.0,199.0,77760,434.2,542750,560633.3
2021-11-19,2021-11-19,197.5,201.5,200.0,77760,432.0,540000,559066.7
2021-11-23,2021-11-23,197.0,201.0,199.0,77760,434.2,542750,557379.2
2021-11-24,2021-11-24,196.5,200.5,198.0,77760,436.4,545500,555891.7
2021-11-25,2021-11-25,197.0,201.0,199.0,77760,434.2,542750,554312.5
2021-11-26,2021-11-26,197.0,201.0,199.0,77760,434.2,542750,552837.5
2021-11-29,2021-11-29,197.0,201.0,199.0,77760,434.2,542750,551362.5
2021-11-30,2021-11-30,197.5,201.5,200.0,77760,432.0,540000,549795.8
2021-12-01,2021-12-01,196.5,200.5,198.0,77760,436.4,545500,548520.8
2021-12-02,2021-12-02,196.5,200.5,198.0,77760,436.4,545500,547350.0
2021-12-03,2021-12-03,196.5,200.5,198.0,77760,436.4,545500,546487.5
2021-12-06,2021-12-06,195.0,199.0,197.0,77760,438.6,548250,546108.3
2021-12-07,2021-12-07,194.0,198.0,196.0,77760,440.8,551000,545725.0
2021-12-09,2021-12-09,192.0,196.0,194.0,77760,445.4,556750,545725.0
2021-12-10,2021-12-10,192.5,196.5,194.0,77760,445.4,556750,545820.8
2021-12-13,2021-12-13,191.5,195.5,194.0,77760,445.4,556750,546012.5
2021-12-14,2021-12-14,192.5,196.5,194.0,77760,445.4,556750,546204.2
2021-12-15,2021-12-15,194.5,198.5,196.0,77760,440.8,551000,546012.5
2021-12-16,2021-12-16,194.5,198.5,196.0,77760,440.8,551000,546012.5
2021-12-17,2021-12-17,196.0,200.0,198.0,77760,436.4,545500,545920.8
2021-12-20,2021-12-20,196.0,200.0,198.0,77760,436.4,545500,545829.2
2021-12-21,2021-12-21,195.0,199.0,197.0,77760,438.6,548250,545829.2
2021-12-22,2021-12-22,196.5,200.5,198.0,77760,436.4,545500,545737.5
2021-12-23,2021-12-23,200.0,204.0,202.0,77760,427.7,534625,545375.0
2021-12-27,2021-12-27,199.5,203.5,202.0,77760,427.7,534625,545462.5
2021-12-28,2021-12-28,202.0,206.0,204.0,77760,423.5,529375,545462.5
2021-12-29,2021-12-29,205.0,209.0,207.0,77760,417.4,521750,544670.8
2021-12-30,2021-12-30,204.0,208.0,206.0,77760,419.4,524250,543962.5
2022-01-03,2022-01-03,202.0,206.0,204.0,77760,423.5,529375,543425.0
2022-01-04,2022-01-04,202.5,206.5,204.0,77760,423.5,529375,543070.8
2022-01-05,2022-01-05,203.5,207.5,206.0,77760,419.4,524250,542454.2
2022-01-06,2022-01-06,204.5,208.5,206.0,77760,419.4,524250,541929.2
2022-01-07,2022-01-07,204.0,208.0,206.0,77760,419.4,524250,541312.5
2022-01-10,2022-01-10,202.0,206.0,204.0,77760,423.5,529375,540775.0
2022-01-11,2022-01-11,205.0,209.0,207.0,77760,417.4,521750,540075.0
2022-01-12,2022-01-12,204.5,208.5,206.0,77760,419.4,524250,539458.3
2022-01-13,2022-01-13,205.5,209.5,208.0,77760,415.4,519250,538675.0
2022-01-14,2022-01-14,205.5,209.5,208.0,77760,415.4,519250,537983.3
2022-01-17,2022-01-17,205.0,209.0,207.0,77760,417.4,521750,537191.7
2022-01-18,2022-01-18,207.0,211.0,209.0,77760,413.4,516750,536233.3
2022-01-19,2022-01-19,209.0,213.0,211.0,77760,409.5,511875,535112.5
2022-01-20,2022-01-20,210.0,214.0,212.0,77760,407.5,509375,533816.7
2022-01-21,2022-01-21,215.0,219.0,217.0,77760,398.2,497750,532041.7
2022-01-24,2022-01-24,215.0,219.0,217.0,77760,398.2,497750,530075.0
2022-01-25,2022-01-25,215.5,219.5,218.0,77760,396.3,495375,528029.2
2022-01-26,2022-01-26,217.0,221.0,219.0,77760,394.5,493125,525908.3
2022-01-27,2022-01-27,218.5,222.5,220.0,77760,392.7,490875,523712.5
2022-01-28,2022-01-28,208.5,212.5,210.0,77760,411.4,514250,522487.5
2022-01-31,2022-01-31,209.0,213.0,211.0,77760,409.5,511875,521183.3
2022-02-01,2022-02-01,210.0,214.0,212.0,77760,407.5,509375,519979.2
2022-02-02,2022-02-02,212.5,216.5,214.0,77760,403.7,504625,518616.7
2022-02-03,2022-02-03,212.0,216.0,214.0,77760,403.7,504625,517162.5
2022-02-04,2022-02-04,210.0,214.0,212.0,77760,407.5,509375,515958.3
2022-02-07,2022-02-07,210.0,214.0,212.0,77760,407.5,509375,515116.7
2022-02-08,2022-02-08,211.0,215.0,213.0,77760,405.6,507000,514195.8
2022-02-09,2022-02-09,213.0,217.0,215.0,77760,401.9,502375,513295.8
2022-02-10,2022-02-10,211.5,215.5,214.0,77760,403.7,504625,512725.0
2022-02-11,2022-02-11,210.5,215.5,213.0,77760,405.6,507000,512150.0
2022-02-14,2022-02-14,211.0,215.0,213.0,77760,405.6,507000,511404.2
2022-02-15,2022-02-15,211.0,215.0,213.0,77760,405.6,507000,510658.3
2022-02-16,2022-02-16,211.0,215.0,213.0,77760,405.6,507000,510083.3
2022-02-17,2022-02-17,210.0,214.0,212.0,77760,407.5,509375,509587.5
2022-02-18,2022-02-18,207.0,211.0,209.0,77760,413.4,516750,509337.5
2022-02-21,2022-02-21,207.5,211.5,210.0,77760,411.4,514250,508833.3
2022-02-22,2022-02-22,206.0,210.0,208.0,77760,415.4,519250,508750.0
2022-02-23,2022-02-23,206.0,210.0,208.0,77760,415.4,519250,508583.3
2022-02-24,2022-02-24,206.5,210.5,208.0,77760,415.4,519250,508583.3
2022-02-25,2022-02-25,207.0,211.0,209.0,77760,413.4,516750,508500.0
2022-03-02,2022-03-02,202.0,206.0,204.0,77760,423.5,529375,508754.2
2022-03-03,2022-03-03,200.0,204.0,202.0,77760,427.7,534625,509350.0
2022-03-04,2022-03-04,197.0,201.0,199.0,77760,434.2,542750,510379.2
2022-03-07,2022-03-07,197.0,201.0,199.0,77760,434.2,542750,511491.7
2022-03-08,2022-03-08,198.0,202.0,200.0,77760,432.0,540000,512900.0
2022-03-09,2022-03-09,200.5,204.5,202.0,77760,427.7,534625,514129.2
2022-03-10,2022-03-10,199.0,203.0,201.0,77760,429.9,537375,515529.2
2022-03-11,2022-03-11,198.0,202.0,200.0,77760,432.0,540000,517091.7
2022-03-14,2022-03-14,196.0,200.0,198.0,77760,436.4,545500,518912.5
2022-03-15,2022-03-15,196.0,200.0,198.0,77760,436.4,545500,519954.2
2022-03-16,2022-03-16,198.0,202.0,200.0,77760,432.0,540000,520891.7
2022-03-17,2022-03-17,198.0,202.0,200.0,77760,432.0,540000,521912.5
2022-03-18,2022-03-18,198.5,202.5,200.0,77760,432.0,540000,523091.7
2022-03-21,2022-03-21,198.0,202.0,200.0,77760,432.0,540000,524270.8
2022-03-22,2022-03-22,197.0,201.0,199.0,77760,434.2,542750,525383.3
2022-03-23,2022-03-23,197.0,201.0,199.0,77760,434.2,542750,526495.8
2022-03-25,2022-03-25,198.0,202.0,200.0,77760,432.0,540000,527595.8
2022-03-28,2022-03-28,196.0,200.0,198.0,77760,436.4,545500,529033.3
2022-03-29,2022-03-29,196.0,200.0,198.0,77760,436.4,545500,530395.8
2022-03-30,2022-03-30,197.0,201.0,199.0,77760,434.2,542750,531587.5
2022-03-31,2022-03-31,196.0,200.0,198.0,77760,436.4,545500,532870.8
2022-04-01,2022-04-01,196.0,200.0,198.0,77760,436.4,545500,534154.2
2022-04-04,2022-04-04,195.0,199.0,197.0,77760,438.6,548250,535529.2
2022-04-05,2022-04-05,192.0,196.0,194.0,77760,445.4,556750,537108.3
2022-04-06,2022-04-06,192.0,196.0,194.0,77760,445.4,556750,538441.7
2022-04-07,2022-04-07,192.0,196.0,194.0,77760,445.4,556750,539858.3
2022-04-08,2022-04-08,192.5,196.5,194.0,77760,445.4,556750,541108.3
2022-04-11,2022-04-11,191.0,195.0,193.0,77760,447.7,559625,542454.2
2022-04-12,2022-04-12,191.0,195.0,193.0,77760,447.7,559625,543800.0
2022-04-13,2022-04-13,191.0,195.0,193.0,77760,447.7,559625,545229.2
2022-04-18,2022-04-18,191.0,195.0,193.0,77760,447.7,559625,546237.5
2022-04-19,2022-04-19,194.0,198.0,196.0,77760,440.8,551000,546783.3
2022-04-20,2022-04-20,195.5,199.5,198.0,77760,436.4,545500,546875.0
2022-04-21,2022-04-21,198.0,202.0,200.0,77760,432.0,540000,546783.3
2022-04-22,2022-04-22,199.0,203.0,201.0,77760,429.9,537375,546695.8
2022-04-25,2022-04-25,201.5,205.5,204.0,77760,423.5,529375,546520.8
2022-04-26,2022-04-26,208.5,212.5,210.0,77760,411.4,514250,545750.0
2022-04-27,2022-04-27,202.5,206.5,204.0,77760,423.5,529375,545395.8
2022-04-28,2022-04-28,200.0,204.0,202.0,77760,427.7,534625,545033.3
2022-04-29,2022-04-29,196.5,200.5,198.0,102643,576.0,720000,550850.0
2022-05-02,2022-05-02,197.0,201.0,199.0,102643,573.1,716375,556729.2
2022-05-03,2022-05-03,199.5,203.5,202.0,102643,564.6,705750,562254.2
2022-05-04,2022-05-04,197.0,201.0,199.0,102643,573.1,716375,568133.3
2022-05-05,2022-05-05,197.5,201.5,200.0,102643,570.2,712750,573891.7
2022-05-06,2022-05-06,197.0,201.0,199.0,102643,573.1,716375,579679.2
2022-05-09,2022-05-09,197.5,201.5,200.0,102643,570.2,712750,585345.8
2022-05-10,2022-05-10,198.0,202.0,200.0,102643,570.2,712750,591104.2
2022-05-11,2022-05-11,201.0,205.0,203.0,102643,561.8,702250,596329.2
2022-05-12,2022-05-12,199.5,203.5,202.0,102643,564.6,705750,601670.8
2022-05-13,2022-05-13,199.5,203.5,202.0,102643,564.6,705750,607104.2
2022-05-16,2022-05-16,201.0,205.0,203.0,102643,561.8,702250,612329.2
2022-05-17,2022-05-17,204.0,208.0,206.0,102643,553.6,692000,617212.5
2022-05-19,2022-05-19,202.0,206.0,204.0,102643,559.1,698875,622233.3
2022-05-20,2022-05-20,201.0,204.0,202.0,102643,564.6,705750,627200.0
2022-05-23,2022-05-23,202.5,206.5,204.0,102643,559.1,698875,631937.5
2022-05-24,2022-05-24,204.0,208.0,206.0,102643,553.6,692000,636445.8
2022-05-26,2022-05-26,203.0,207.0,205.0,102643,556.3,695375,641066.7
2022-05-27,2022-05-27,202.5,206.5,204.0,102643,559.1,698875,645708.3
2022-05-30,2022-05-30,202.5,206.5,204.0,102643,559.1,698875,650350.0
2022-05-31,2022-05-31,201.0,206.0,204.0,102643,559.1,698875,654991.7
2022-06-01,2022-06-01,202.0,206.0,204.0,102643,559.1,698875,659633.3
2022-06-02,2022-06-02,202.0,206.0,204.0,102643,559.1,698875,664562.5
2022-06-03,2022-06-03,201.0,205.0,203.0,102643,561.8,702250,669787.5
2022-06-06,2022-06-06,201.0,205.0,203.0,102643,561.8,702250,675195.8
2022-06-07,2022-06-07,202.0,206.0,204.0,102643,559.1,698875,680579.2
2022-06-08,2022-06-08,204.0,208.0,206.0,102643,553.6,692000,686000.0
2022-06-09,2022-06-09,204.0,208.0,206.0,102643,553.6,692000,691925.0
2022-06-10,2022-06-10,206.0,210.0,208.0,102643,548.3,685375,697125.0
2022-06-13,2022-06-13,212.0,216.0,214.0,102643,532.9,666125,701508.3
2022-06-14,2022-06-14,220.0,224.0,222.0,102643,513.7,642125,698912.5
2022-06-15,2022-06-15,213.0,217.0,215.0,102643,530.5,663125,697137.5
2022-06-16,2022-06-16,212.0,216.0,214.0,102643,532.9,666125,695816.7
2022-06-21,2022-06-21,216.0,220.0,218.0,102643,523.2,654000,693737.5
2022-06-22,2022-06-22,220.0,224.0,222.0,102643,513.7,642125,691383.3
2022-06-23,2022-06-23,220.0,224.0,222.0,102643,513.7,642125,688908.3
2022-06-24,2022-06-24,222.0,226.0,224.0,102643,509.1,636375,686362.5
2022-06-27,2022-06-27,228.0,232.0,230.0,102643,495.9,619875,683266.7
2022-06-28,2022-06-28,235.0,239.0,237.0,102643,481.2,601500,679908.3
2022-06-29,2022-06-29,235.0,239.0,237.0,102643,481.2,601500,676433.3
2022-06-30,2022-06-30,234.0,238.0,236.0,102643,483.3,604125,673045.8
2022-07-01,2022-07-01,235.0,239.0,237.0,102643,481.2,601500,669687.5
2022-07-04,2022-07-04,250.0,260.0,255.0,102643,447.2,559000,665254.2
2022-07-05,2022-07-05,242.0,252.0,247.0,102643,461.7,577125,661195.8
2022-07-06,2022-07-06,245.0,255.0,250.0,102643,456.2,570250,656679.2
2022-07-07,2022-07-07,247.0,257.0,252.0,102643,452.6,565750,652241.7
2022-07-08,2022-07-08,263.0,273.0,268.0,102643,425.6,532000,646908.3
2022-07-11,2022-07-11,258.0,268.0,263.0,102643,433.6,542000,641795.8
2022-07-12,2022-07-12,262.0,272.0,267.0,102643,427.1,533875,636295.8
2022-07-13,2022-07-13,273.0,283.0,278.0,102643,410.2,512750,630091.7
2022-07-14,2022-07-14,279.0,289.0,284.0,102643,401.6,502000,623529.2
2022-07-15,2022-07-15,283.0,293.0,288.0,102643,396.0,495000,616733.3
2022-07-18,2022-07-18,281.0,291.0,286.0,102643,398.8,498500,610054.2
2022-07-19,2022-07-19,291.0,301.0,296.0,102643,385.3,481625,602700.0
2022-07-20,2022-07-20,307.0,317.0,312.0,102643,365.5,456875,594520.8
2022-07-21,2022-07-21,327.0,337.0,332.0,102643,343.5,429375,585537.5
2022-07-22,2022-07-22,328.0,338.0,333.0,102643,342.5,428125,576741.7
2022-07-25,2022-07-25,312.0,322.0,317.0,102643,359.8,449750,568666.7
2022-07-26,2022-07-26,313.0,323.0,318.0,102643,358.6,448250,560762.5
2022-07-27,2022-07-27,316.0,326.0,321.0,102643,355.3,444125,553362.5
2022-07-28,2022-07-28,304.0,314.0,309.0,102643,369.1,461375,547337.5
2022-07-29,2022-07-29,286.0,296.0,291.0,102643,391.9,489875,541562.5
2022-08-01,2022-08-01,272.0,282.0,277.0,102643,411.7,514625,536512.5
2022-08-02,2022-08-02,281.0,291.0,286.0,102643,398.8,498500,531329.2
2022-08-03,2022-08-03,288.0,298.0,293.0,102643,389.2,486500,526141.7
2022-08-04,2022-08-04,281.0,291.0,286.0,102643,398.8,498500,521354.2
2022-08-05,2022-08-05,283.0,293.0,288.0,102643,396.0,495000,516641.7
2022-08-08,2022-08-08,282.0,292.0,287.0,102643,397.4,496750,512537.5
2022-08-09,2022-08-09,283.0,293.0,288.0,102643,396.0,495000,508987.5
2022-08-10,2022-08-10,285.0,295.0,290.0,102643,393.3,491625,505325.0
2022-08-11,2022-08-11,287.0,297.0,292.0,102643,390.6,488250,501462.5
2022-08-12,2022-08-12,285.0,295.0,290.0,102643,393.3,491625,497800.0
2022-08-16,2022-08-16,286.0,291.0,288.0,102643,396.0,495000,495666.7
2022-08-17,2022-08-17,287.0,292.0,290.0,102643,393.3,491625,492816.7
2022-08-18,2022-08-18,288.0,293.0,290.0,102643,393.3,491625,490195.8
2022-08-19,2022-08-19,290.0,295.0,292.0,102643,390.6,488250,487612.5
2022-08-22,2022-08-22,287.0,292.0,290.0,102643,393.3,491625,486266.7
2022-08-23,2022-08-23,292.0,297.0,294.0,102643,387.9,484875,484362.5
2022-08-24,2022-08-24,290.0,295.0,292.0,102643,390.6,488250,482841.7
2022-08-25,2022-08-25,288.0,293.0,290.0,102643,393.3,491625,482137.5
2022-08-26,2022-08-26,288.0,292.0,290.0,102643,393.3,491625,481791.7
2022-08-29,2022-08-29,287.0,292.0,290.0,102643,393.3,491625,481679.2
2022-08-30,2022-08-30,286.0,291.0,288.0,102643,396.0,495000,481562.5
2022-08-31,2022-08-31,285.0,290.0,288.0,102643,396.0,495000,482008.3
2022-09-01,2022-09-01,280.0,285.0,282.0,102643,404.4,505500,483629.2
2022-09-02,2022-09-02,280.0,285.0,282.0,102643,404.4,505500,486166.7
2022-09-05,2022-09-05,266.0,270.0,268.0,102643,425.6,532000,489629.2
2022-09-06,2022-09-06,272.0,276.0,274.0,102643,416.2,520250,491979.2
2022-09-07,2022-09-07,280.0,284.0,282.0,102643,404.4,505500,493887.5
2022-09-08,2022-09-08,276.0,280.0,278.0,102643,410.2,512750,496175.0
2022-09-09,2022-09-09,270.0,274.0,272.0,102643,419.3,524125,498266.7
2022-09-12,2022-09-12,268.0,272.0,270.0,102643,422.4,528000,499537.5
2022-09-13,2022-09-13,269.0,273.0,271.0,102643,420.8,526000,499916.7
2022-09-14,2022-09-14,273.0,277.0,275.0,102643,414.7,518375,500579.2
2022-09-15,2022-09-15,272.0,276.0,274.0,102643,416.2,520250,501704.2
2022-09-16,2022-09-16,273.0,277.0,275.0,102643,414.7,518375,502366.7
2022-09-19,2022-09-19,273.0,277.0,275.0,102643,414.7,518375,503145.8
2022-09-20,2022-09-20,283.0,287.0,285.0,102643,400.2,500250,503262.5
2022-09-21,2022-09-21,283.0,287.0,285.0,102643,400.2,500250,503437.5
2022-09-22,2022-09-22,281.0,285.0,283.0,102643,403.0,503750,503841.7
2022-09-23,2022-09-23,283.0,287.0,285.0,102643,400.2,500250,504241.7
2022-09-26,2022-09-26,282.0,286.0,284.0,102643,401.6,502000,504587.5
2022-09-27,2022-09-27,286.0,290.0,288.0,102643,396.0,495000,504587.5
2022-09-28,2022-09-28,286.0,290.0,288.0,102643,396.0,495000,504700.0
2022-09-29,2022-09-29,284.0,288.0,286.0,102643,398.8,498500,504929.2
2022-09-30,2022-09-30,284.0,288.0,286.0,102643,398.8,498500,505270.8
2022-10-03,2022-10-03,280.0,284.0,282.0,102643,404.4,505500,505733.3
2022-10-04,2022-10-04,278.0,282.0,280.0,102643,407.3,509125,506541.7
2022-10-05,2022-10-05,278.0,282.0,280.0,102643,407.3,509125,507237.5
2022-10-06,2022-10-06,273.0,277.0,275.0,102643,414.7,518375,508129.2
2022-10-11,2022-10-11,276.0,280.0,278.0,102643,410.2,512750,508833.3
2022-10-12,2022-10-12,285.0,289.0,287.0,102643,397.4,496750,509004.2
2022-10-13,2022-10-13,287.0,291.0,289.0,102643,394.6,493250,508945.8
2022-10-14,2022-10-14,286.0,290.0,288.0,102643,396.0,495000,508945.8
2022-10-17,2022-10-17,283.0,287.0,285.0,102643,400.2,500250,508770.8
2022-10-18,2022-10-18,286.0,290.0,288.0,102643,396.0,495000,508420.8
2022-10-19,2022-10-19,288.0,292.0,290.0,102643,393.3,491625,507075.0
2022-10-20,2022-10-20,287.0,291.0,289.0,102643,394.6,493250,506175.0
2022-10-21,2022-10-21,287.0,291.0,289.0,102643,394.6,493250,505766.7
2022-10-24,2022-10-24,287.0,291.0,289.0,102643,394.6,493250,505116.7
2022-10-25,2022-10-25,289.0,293.0,291.0,102643,391.9,489875,503975.0
2022-10-26,2022-10-26,288.0,292.0,290.0,102643,393.3,491625,502762.5
2022-10-27,2022-10-27,287.0,291.0,289.0,102643,394.6,493250,501670.8
2022-10-28,2022-10-28,288.0,292.0,290.0,102643,393.3,491625,500779.2
2022-10-31,2022-10-31,286.0,290.0,288.0,133435,514.8,643500,504887.5
2022-11-01,2022-11-01,286.0,290.0,288.0,133435,514.8,643500,509058.3
2022-11-02,2022-11-02,287.0,291.0,289.0,133435,513.0,641250,513154.2
2022-11-03,2022-11-03,283.0,287.0,285.0,133435,520.2,650250,518154.2
2022-11-04,2022-11-04,285.0,289.0,287.0,133435,516.6,645750,523004.2
2022-11-07,2022-11-07,286.0,290.0,288.0,133435,514.8,643500,527662.5
2022-11-08,2022-11-08,287.0,291.0,289.0,133435,513.0,641250,532362.5
2022-11-09,2022-11-09,288.0,292.0,290.0,133435,511.2,639000,536929.2
2022-11-10,2022-11-10,288.0,292.0,290.0,133435,511.2,639000,541729.2
2022-11-11,2022-11-11,289.0,293.0,291.0,133435,509.5,636875,546458.3
2022-11-14,2022-11-14,290.0,294.0,292.0,133435,507.7,634625,550995.8
2022-11-15,2022-11-15,298.0,302.0,300.0,133435,494.2,617750,554970.8
2022-11-16,2022-11-16,304.0,308.0,306.0,133435,484.5,605625,558308.3
2022-11-17,2022-11-17,303.0,307.0,305.0,133435,486.1,607625,561591.7
2022-11-18,2022-11-18,302.0,306.0,304.0,133435,487.7,609625,564941.7
2022-11-22,2022-11-22,304.0,308.0,306.0,133435,484.5,605625,567850.0
2022-11-23,2022-11-23,308.0,312.0,310.0,133435,478.3,597875,570687.5
2022-11-24,2022-11-24,315.0,319.0,317.0,133435,467.7,584625,573616.7
2022-11-25,2022-11-25,316.0,320.0,318.0,133435,466.2,582750,576600.0
2022-11-28,2022-11-28,314.0,318.0,316.0,133435,469.2,586500,579650.0
2022-11-29,2022-11-29,311.0,315.0,313.0,133435,473.7,592125,582712.5
2022-11-30,2022-11-30,310.0,314.0,312.0,133435,475.2,594000,586012.5
2022-12-01,2022-12-01,309.0,313.0,311.0,133435,476.7,595875,589487.5
2022-12-02,2022-12-02,308.0,312.0,310.0,133435,478.3,597875,592975.0
2022-12-05,2022-12-05,308.0,312.0,310.0,133435,478.3,597875,596462.5
2022-12-06,2022-12-06,311.0,315.0,313.0,133435,473.7,592125,599758.3
2022-12-07,2022-12-07,312.0,316.0,314.0,133435,472.2,590250,603104.2
2022-12-12,2022-12-12,308.0,312.0,310.0,133435,478.3,597875,606645.8
2022-12-13,2022-12-13,311.0,315.0,313.0,133435,473.7,592125,609941.7
2022-12-14,2022-12-14,316.0,320.0,318.0,133435,466.2,582750,612979.2
2022-12-15,2022-12-15,316.0,320.0,318.0,133435,466.2,582750,610954.2
2022-12-16,2022-12-16,317.0,321.0,319.0,133435,464.8,581000,608870.8
2022-12-19,2022-12-19,321.0,325.0,323.0,133435,459.0,573750,606620.8
2022-12-20,2022-12-20,322.0,326.0,324.0,133435,457.6,572000,604012.5
2022-12-21,2022-12-21,321.0,325.0,323.0,133435,459.0,573750,601612.5
2022-12-22,2022-12-22,326.0,330.0,328.0,133435,452.0,565000,598995.8
2022-12-23,2022-12-23,336.0,340.0,338.0,133435,438.6,548250,595895.8
2022-12-26,2022-12-26,342.0,346.0,344.0,133435,431.0,538750,592554.2
2022-12-27,2022-12-27,352.0,356.0,354.0,133435,418.8,523500,588704.2
2022-12-28,2022-12-28,353.0,357.0,355.0,133435,417.6,522000,584875.0
2022-12-29,2022-12-29,346.0,350.0,348.0,133435,426.0,532500,581470.8
2022-12-30,2022-12-30,342.0,346.0,344.0,133435,431.0,538750,578837.5
2023-01-02,2023-01-02,342.0,346.0,344.0,133435,431.0,538750,576608.3
2023-01-03,2023-01-03,350.0,354.0,352.0,133435,421.2,526500,573904.2
2023-01-04,2023-01-04,350.0,354.0,352.0,133435,421.2,526500,571133.3
2023-01-05,2023-01-05,349.0,353.0,351.0,133435,422.4,528000,568545.8
2023-01-06,2023-01-06,350.0,354.0,352.0,133435,421.2,526500,566166.7
2023-01-09,2023-01-09,351.0,355.0,353.0,133435,420.0,525000,564179.2
2023-01-10,2023-01-10,353.0,357.0,355.0,133435,417.6,522000,562154.2
2023-01-11,2023-01-11,355.0,359.0,357.0,133435,415.3,519125,559908.3
2023-01-12,2023-01-12,357.0,361.0,359.0,133435,413.0,516250,557379.2
2023-01-13,2023-01-13,365.0,369.0,367.0,133435,404.0,505000,554412.5
2023-01-16,2023-01-16,365.0,369.0,367.0,133435,404.0,505000,551383.3
2023-01-17,2023-01-17,366.0,370.0,368.0,133435,402.9,503625,548241.7
2023-01-18,2023-01-18,374.0,378.0,376.0,133435,394.3,492875,544741.7
2023-01-19,2023-01-19,373.0,377.0,375.0,133435,395.4,494250,541479.2
2023-01-20,2023-01-20,370.0,374.0,372.0,133435,398.6,498250,538412.5
2023-01-23,2023-01-23,372.0,376.0,374.0,133435,396.4,495500,535000.0
2023-01-24,2023-01-24,372.0,376.0,374.0,133435,396.4,495500,531779.2
2023-01-25,2023-01-25,377.0,381.0,379.0,133435,391.2,489000,528654.2
2023-01-26,2023-01-26,379.0,383.0,381.0,133435,389.1,486375,525441.7
2023-01-27,2023-01-27,381.0,385.0,383.0,133435,387.1,483875,522204.2
2023-01-30,2023-01-30,382.0,386.0,384.0,133435,386.1,482625,519166.7
2023-01-31,2023-01-31,379.0,383.0,381.0,184615,538.4,673000,522533.3
2023-02-01,2023-02-01,377.0,381.0,379.0,184615,541.2,676500,525958.3
2023-02-02,2023-02-02,373.0,377.0,375.0,184615,547.0,683750,529916.7
2023-02-03,2023-02-03,374.0,378.0,376.0,184615,545.6,682000,534375.0
2023-02-06,2023-02-06,369.0,373.0,371.0,184615,552.9,691125,539454.2
2023-02-07,2023-02-07,373.0,377.0,375.0,184615,547.0,683750,544795.8
2023-02-09,2023-02-09,377.0,381.0,379.0,184615,541.2,676500,549945.8
2023-02-10,2023-02-10,375.0,379.0,377.0,184615,544.1,680125,554866.7
2023-02-13,2023-02-13,373.0,377.0,375.0,184615,547.0,683750,559700.0
2023-02-14,2023-02-14,375.0,379.0,377.0,184615,544.1,680125,564412.5
2023-02-15,2023-02-15,375.0,379.0,377.0,184615,544.1,680125,569533.3
2023-02-16,2023-02-16,374.0,378.0,376.0,184615,545.6,682000,574716.7
2023-02-17,2023-02-17,373.0,377.0,375.0,184615,547.0,683750,579908.3
2023-02-22,2023-02-22,373.0,377.0,375.0,184615,547.0,683750,585150.0
2023-02-23,2023-02-23,373.0,377.0,375.0,184615,547.0,683750,590441.7
2023-02-24,2023-02-24,375.0,379.0,377.0,184615,544.1,680125,595712.5
2023-02-27,2023-02-27,375.0,379.0,377.0,184615,544.1,680125,601079.2
2023-02-28,2023-02-28,373.0,377.0,375.0,166795,494.2,617750,604462.5
2023-03-01,2023-03-01,371.0,375.0,373.0,166795,496.9,621125,608333.3
2023-03-02,2023-03-02,371.0,375.0,373.0,166795,496.9,621125,612204.2
2023-03-03,2023-03-03,373.0,377.0,375.0,166795,494.2,617750,616008.3
2023-03-06,2023-03-06,371.0,375.0,373.0,166795,496.9,621125,620283.3
2023-03-07,2023-03-07,368.0,372.0,370.0,166795,500.9,626125,624679.2
2023-03-08,2023-03-08,367.0,371.0,369.0,166795,502.2,627750,628995.8
2023-03-09,2023-03-09,374.0,378.0,376.0,166795,492.9,616125,633016.7
2023-03-10,2023-03-10,369.0,373.0,371.0,166795,499.5,624375,637312.5
2023-03-13,2023-03-13,369.0,373.0,371.0,166795,499.5,624375,641825.0
2023-03-14,2023-03-14,373.0,377.0,375.0,166795,494.2,617750,646204.2
2023-03-15,2023-03-15,373.0,377.0,375.0,166795,494.2,617750,650666.7
2023-03-16,2023-03-16,375.0,379.0,377.0,166795,491.6,614500,655062.5
2023-03-17,2023-03-17,379.0,383.0,381.0,166795,486.4,608000,652895.8
2023-03-20,2023-03-20,379.0,383.0,381.0,166795,486.4,608000,650612.5
2023-03-21,2023-03-21,382.0,386.0,384.0,166795,482.6,603250,647929.2
2023-03-22,2023-03-22,390.0,394.0,392.0,166795,472.8,591000,644895.8
2023-03-23,2023-03-23,387.0,391.0,389.0,166795,476.4,595500,641708.3
2023-03-27,2023-03-27,385.0,389.0,387.0,166795,478.9,598625,638870.8
2023-03-28,2023-03-28,386.0,390.0,388.0,166795,477.6,597000,636220.8
2023-03-29,2023-03-29,393.0,397.0,395.0,166795,469.2,586500,633100.0
2023-03-30,2023-03-30,389.0,393.0,391.0,166795,474.0,592500,630058.3
2023-03-31,2023-03-31,388.0,393.0,390.0,166795,475.2,594000,627187.5
2023-04-03,2023-04-03,391.0,395.0,393.0,166795,471.6,589500,624166.7
2023-04-04,2023-04-04,388.0,392.0,390.0,166795,475.2,594000,621233.3
2023-04-05,2023-04-05,388.0,392.0,390.0,166795,475.2,594000,618241.7
2023-04-10,2023-04-10,388.0,392.0,390.0,166795,475.2,594000,615250.0
2023-04-11,2023-04-11,387.0,391.0,389.0,166795,476.4,595500,612308.3
2023-04-12,2023-04-12,390.0,394.0,392.0,166795,472.8,591000,609337.5
2023-04-13,2023-04-13,394.0,398.0,396.0,166795,468.0,585000,606166.7
2023-04-14,2023-04-14,396.0,400.0,398.0,166795,465.6,582000,604975.0
2023-04-17,2023-04-17,403.0,408.0,406.0,166795,456.5,570625,603291.7
2023-04-18,2023-04-18,413.0,418.0,416.0,166795,445.5,556875,601150.0
2023-04-19,2023-04-19,418.0,423.0,420.0,166795,441.3,551625,598945.8
2023-04-20,2023-04-20,427.0,432.0,430.0,166795,431.0,538750,596200.0
2023-04-21,2023-04-21,437.0,442.0,440.0,166795,421.2,526500,592879.2
2023-04-24,2023-04-24,457.0,462.0,460.0,166795,402.9,503625,588741.7
2023-04-25,2023-04-25,490.0,495.0,492.0,166795,376.7,470875,583900.0
2023-04-26,2023-04-26,469.0,474.0,472.0,166795,392.6,490750,579445.8
2023-04-27,2023-04-27,462.0,467.0,464.0,166795,399.4,499250,575275.0
2023-05-02,2023-05-02,464.0,469.0,466.0,191006,455.4,569250,573658.3
2023-05-03,2023-05-03,467.0,472.0,470.0,191006,451.6,564500,571883.3
2023-05-04,2023-05-04,464.0,469.0,466.0,191006,455.4,569250,570375.0
2023-05-05,2023-05-05,463.0,468.0,466.0,191006,455.4,569250,569083.3
2023-05-08,2023-05-08,464.0,469.0,466.0,191006,455.4,569250,567791.7
2023-05-09,2023-05-09,465.0,470.0,468.0,191006,453.5,566875,566579.2
2023-05-10,2023-05-10,466.0,471.0,468.0,191006,453.5,566875,565775.0
2023-05-11,2023-05-11,467.0,472.0,470.0,191006,451.6,564500,564741.7
2023-05-12,2023-05-12,470.0,475.0,472.0,191006,449.6,562000,563520.8
2023-05-15,2023-05-15,469.0,474.0,472.0,191006,449.6,562000,562354.2
2023-05-16,2023-05-16,478.0,483.0,480.0,191006,442.1,552625,561225.0
2023-05-17,2023-05-17,483.0,488.0,486.0,191006,436.7,545875,559670.8
2023-05-18,2023-05-18,482.0,487.0,484.0,191006,438.5,548125,558141.7
2023-05-19,2023-05-19,483.0,488.0,486.0,191006,436.7,545875,556687.5
2023-05-22,2023-05-22,481.0,486.0,484.0,191006,438.5,548125,555158.3
2023-05-23,2023-05-23,485.0,490.0,488.0,191006,434.9,543625,553479.2
2023-05-24,2023-05-24,487.0,492.0,490.0,191006,433.1,541375,551725.0
2023-05-29,2023-05-29,488.0,493.0,490.0,191006,433.1,541375,549920.8
2023-05-30,2023-05-30,487.0,492.0,490.0,191006,433.1,541375,548266.7
2023-05-31,2023-05-31,485.0,490.0,488.0,191816,436.7,545875,546962.5
2023-06-01,2023-06-01,485.0,490.0,488.0,191816,436.7,545875,545758.3
2023-06-02,2023-06-02,485.0,490.0,488.0,191816,436.7,545875,544933.3
2023-06-05,2023-06-05,481.0,486.0,484.0,191816,440.3,550375,544716.7
2023-06-06,2023-06-06,480.0,485.0,482.0,191816,442.2,552750,544754.2
2023-06-07,2023-06-07,479.0,484.0,482.0,191816,442.2,552750,545220.8
2023-06-08,2023-06-08,479.0,484.0,482.0,191816,442.2,552750,546095.8
2023-06-09,2023-06-09,478.0,483.0,480.0,191816,444.0,555000,547808.3
2023-06-12,2023-06-12,479.0,484.0,482.0,191816,442.2,552750,550537.5
2023-06-13,2023-06-13,484.0,489.0,486.0,191816,438.5,548125,552450.0
2023-06-14,2023-06-14,491.0,496.0,494.0,191816,431.4,539250,553783.3
2023-06-15,2023-06-15,482.0,487.0,484.0,191816,440.3,550375,553154.2
2023-06-16,2023-06-16,487.0,492.0,490.0,191816,435.0,543750,552462.5
2023-06-21,2023-06-21,487.0,492.0,490.0,191816,435.0,543750,551612.5
2023-06-22,2023-06-22,488.0,493.0,490.0,191816,435.0,543750,550762.5
2023-06-23,2023-06-23,490.0,495.0,492.0,191816,433.2,541500,549837.5
2023-06-26,2023-06-26,488.0,493.0,490.0,191816,435.0,543750,549066.7
2023-06-27,2023-06-27,491.0,496.0,494.0,191816,431.4,539250,548145.8
2023-06-28,2023-06-28,491.0,496.0,494.0,191816,431.4,539250,547304.2
2023-06-29,2023-06-29,489.0,494.0,492.0,191816,433.2,541500,546620.8
2023-06-30,2023-06-30,489.0,494.0,492.0,220587,498.2,622750,548645.8
2023-07-03,2023-07-03,490.0,495.0,492.0,220587,498.2,622750,550983.3
2023-07-04,2023-07-04,488.0,493.0,490.0,220587,500.2,625250,553629.2
2023-07-05,2023-07-05,487.0,492.0,490.0,220587,500.2,625250,556200.0
2023-07-06,2023-07-06,486.0,491.0,488.0,220587,502.2,627750,558929.2
2023-07-07,2023-07-07,487.0,492.0,490.0,220587,500.2,625250,561500.0
2023-07-10,2023-07-10,490.0,495.0,492.0,220587,498.2,622750,564137.5
2023-07-11,2023-07-11,493.0,498.0,496.0,220587,494.1,617625,566679.2
2023-07-12,2023-07-12,498.0,503.0,500.0,220587,490.2,612750,569058.3
2023-07-13,2023-07-13,507.0,512.0,510.0,220587,480.6,600750,571037.5
2023-07-14,2023-07-14,518.0,522.0,520.0,220587,471.3,589125,572479.2
2023-07-17,2023-07-17,515.0,520.0,518.0,220587,473.2,591500,574000.0
2023-07-18,2023-07-18,515.0,520.0,518.0,220587,473.2,591500,575520.8
2023-07-19,2023-07-19,520.0,525.0,522.0,220587,469.5,586875,576737.5
2023-07-20,2023-07-20,520.0,525.0,522.0,220587,469.5,586875,577875.0
2023-07-21,2023-07-21,524.0,529.0,526.0,220587,466.0,582500,578866.7
2023-07-24,2023-07-24,547.0,552.0,550.0,220587,445.6,557000,579008.3
2023-07-25,2023-07-25,531.0,536.0,534.0,220587,459.0,573750,579633.3
2023-07-26,2023-07-26,541.0,546.0,544.0,220587,450.5,563125,579979.2
2023-07-27,2023-07-27,548.0,553.0,550.0,220587,445.6,557000,580275.0
2023-07-28,2023-07-28,546.0,551.0,548.0,220587,447.3,559125,580937.5
2023-07-31,2023-07-31,545.0,550.0,548.0,220587,447.3,559125,581229.2
2023-08-01,2023-08-01,555.0,560.0,558.0,220587,439.2,549000,581404.2
2023-08-02,2023-08-02,555.0,560.0,558.0,220587,439.2,549000,581579.2
2023-08-03,2023-08-03,565.0,570.0,568.0,220587,431.5,539375,581433.3
2023-08-04,2023-08-04,569.0,574.0,572.0,220587,428.5,535625,581237.5
2023-08-07,2023-08-07,591.0,596.0,594.0,220587,412.6,515750,580304.2
2023-08-09,2023-08-09,595.0,600.0,598.0,220587,409.9,512375,579408.3
2023-08-10,2023-08-10,597.0,602.0,600.0,220587,408.5,510625,578454.2
2023-08-11,2023-08-11,595.0,605.0,600.0,220587,408.5,510625,577425.0
2023-08-14,2023-08-14,665.0,685.0,675.0,220587,363.1,453875,571795.8
2023-08-15,2023-08-15,720.0,730.0,725.0,220587,338.1,422625,565125.0
2023-08-16,2023-08-16,770.0,780.0,775.0,220587,316.3,395375,557462.5
2023-08-17,2023-08-17,750.0,760.0,755.0,220587,324.6,405750,550145.8
2023-08-18,2023-08-18,710.0,720.0,715.0,220587,342.8,428500,543504.2
2023-08-22,2023-08-22,717.0,727.0,722.0,220587,339.5,424375,536808.3
2023-08-23,2023-08-23,725.0,735.0,730.0,220587,335.7,419625,530037.5
2023-08-24,2023-08-24,715.0,725.0,720.0,220587,340.4,425500,523633.3
2023-08-25,2023-08-25,720.0,730.0,725.0,220587,338.1,422625,517295.8
2023-08-28,2023-08-28,728.0,738.0,733.0,220587,334.4,418000,511204.2
2023-08-29,2023-08-29,740.0,750.0,745.0,220587,329.0,411250,505275.0
2023-08-30,2023-08-30,730.0,740.0,735.0,220587,333.5,416875,499454.2
2023-08-31,2023-08-31,725.0,735.0,730.0,338411,515.1,643875,501200.0
2023-09-01,2023-09-01,720.0,730.0,725.0,338411,518.6,648250,503245.8
2023-09-04,2023-09-04,720.0,730.0,725.0,338411,518.6,648250,505291.7
2023-09-05,2023-09-05,715.0,725.0,720.0,338411,522.2,652750,507633.3
2023-09-06,2023-09-06,710.0,720.0,715.0,338411,525.9,657375,510979.2
2023-09-07,2023-09-07,710.0,720.0,715.0,338411,525.9,657375,513766.7
2023-09-08,2023-09-08,700.0,710.0,705.0,338411,533.4,666750,517220.8
2023-09-11,2023-09-11,707.0,717.0,712.0,338411,528.1,660125,520658.3
2023-09-12,2023-09-12,720.0,730.0,725.0,338411,518.6,648250,523629.2
2023-09-13,2023-09-13,725.0,735.0,730.0,338411,515.1,643875,526454.2
2023-09-14,2023-09-14,712.0,722.0,717.0,338411,524.4,655500,530004.2
2023-09-15,2023-09-15,720.0,730.0,725.0,338411,518.6,648250,533312.5
2023-09-18,2023-09-18,728.0,738.0,733.0,338411,513.0,641250,536708.3
2023-09-19,2023-09-19,730.0,740.0,735.0,338411,511.6,639500,540170.8
2023-09-20,2023-09-20,725.0,735.0,730.0,338411,515.1,643875,544441.7
2023-09-21,2023-09-21,735.0,745.0,740.0,338411,508.1,635125,548533.3
2023-09-22,2023-09-22,735.0,745.0,740.0,338411,508.1,635125,552683.3
2023-09-25,2023-09-25,735.0,745.0,740.0,338411,508.1,635125,556833.3
2023-09-26,2023-09-26,748.0,758.0,753.0,338411,499.4,624250,562512.5
2023-09-27,2023-09-27,763.0,773.0,768.0,338411,489.6,612000,568825.0
2023-09-28,2023-09-28,780.0,790.0,785.0,338411,479.0,598750,575604.2
2023-09-29,2023-09-29,790.0,800.0,795.0,334854,468.0,585000,581579.2
2023-10-02,2023-10-02,790.0,800.0,795.0,334854,468.0,585000,586795.8
2023-10-03,2023-10-03,800.0,810.0,805.0,334854,462.2,577750,591908.3
2023-10-05,2023-10-05,833.0,843.0,838.0,334854,444.0,555000,596420.8
2023-10-06,2023-10-06,870.0,880.0,875.0,334854,425.2,531500,599954.2
2023-10-09,2023-10-09,935.0,945.0,940.0,334854,395.8,494750,602358.3
2023-10-10,2023-10-10,990.0,1010.0,1000.0,334854,372.1,465125,603929.2
2023-10-11,2023-10-11,990.0,1010.0,1000.0,334854,372.1,465125,605725.0
2023-10-12,2023-10-12,960.0,980.0,970.0,334854,383.6,479500,607812.5
2023-10-17,2023-10-17,965.0,985.0,975.0,334854,381.6,477000,602250.0
2023-10-18,2023-10-18,885.0,905.0,895.0,334854,415.7,519625,597962.5
2023-10-19,2023-10-19,880.0,900.0,890.0,334854,418.0,522500,593770.8
2023-10-20,2023-10-20,880.0,900.0,890.0,334854,418.0,522500,589429.2
2023-10-23,2023-10-23,1050.0,1100.0,1075.0,334854,346.1,432625,581937.5
2023-10-24,2023-10-24,1050.0,1100.0,1075.0,334854,346.1,432625,574445.8
2023-10-25,2023-10-25,950.0,1000.0,975.0,334854,381.6,477000,568120.8
2023-10-26,2023-10-26,930.0,980.0,955.0,334854,389.6,487000,562350.0
2023-10-27,2023-10-27,940.0,990.0,965.0,334854,385.6,482000,556808.3
2023-10-30,2023-10-30,920.0,970.0,945.0,334854,393.7,492125,551750.0
2023-10-31,2023-10-31,870.0,920.0,895.0,334854,415.7,519625,547220.8
2023-11-01,2023-11-01,865.0,915.0,890.0,334854,418.0,522500,543029.2
2023-11-02,2023-11-02,875.0,925.0,900.0,334854,413.4,516750,538879.2
2023-11-03,2023-11-03,875.0,925.0,900.0,334854,413.4,516750,534787.5
2023-11-07,2023-11-07,840.0,890.0,865.0,334854,430.1,537625,531245.8
2023-11-08,2023-11-08,840.0,890.0,865.0,334854,430.1,537625,527995.8
2023-11-09,2023-11-09,900.0,950.0,925.0,334854,402.2,502750,523583.3
2023-11-10,2023-11-10,910.0,960.0,935.0,334854,397.9,497375,518991.7
2023-11-13,2023-11-13,875.0,925.0,900.0,334854,413.4,516750,515408.3
2023-11-14,2023-11-14,875.0,925.0,900.0,334854,413.4,516750,512233.3
2023-11-15,2023-11-15,920.0,970.0,945.0,334854,393.7,492125,508679.2
2023-11-16,2023-11-16,900.0,950.0,925.0,334854,402.2,502750,505937.5
2023-11-17,2023-11-17,900.0,950.0,925.0,334854,402.2,502750,503195.8
2023-11-21,2023-11-21,1025.0,1075.0,1050.0,334854,354.3,442875,498700.0
2023-11-22,2023-11-22,1030.0,1080.0,1055.0,334854,352.7,440875,494895.8
2023-11-23,2023-11-23,995.0,1045.0,1020.0,334854,364.8,456000,492379.2
2023-11-24,2023-11-24,945.0,995.0,970.0,334854,383.6,479500,491870.8
2023-11-27,2023-11-27,940.0,990.0,965.0,334854,385.6,482000,492433.3
2023-11-28,2023-11-28,895.0,945.0,920.0,334854,404.4,505500,493779.2
2023-11-29,2023-11-29,875.0,925.0,900.0,334854,413.4,516750,495020.8
2023-11-30,2023-11-30,855.0,905.0,880.0,429300,542.0,677500,501704.2
2023-12-01,2023-12-01,905.0,955.0,930.0,429300,512.9,641125,505754.2
2023-12-04,2023-12-04,880.0,930.0,905.0,429300,527.1,658875,510300.0
2023-12-05,2023-12-05,860.0,910.0,885.0,429300,539.0,673750,515341.7
2023-12-06,2023-12-06,905.0,955.0,930.0,429300,512.9,641125,522291.7
2023-12-07,2023-12-07,940.0,990.0,965.0,429300,494.3,617875,528466.7
2023-12-11,2023-12-11,950.0,1000.0,975.0,429300,489.2,611500,532950.0
2023-12-12,2023-12-12,1020.0,1070.0,1045.0,429300,456.5,570625,535737.5
2023-12-13,2023-12-13,1020.0,1070.0,1045.0,429300,456.5,570625,538691.7
2023-12-14,2023-12-14,940.0,990.0,965.0,429300,494.3,617875,542883.3
2023-12-15,2023-12-15,920.0,970.0,945.0,429300,504.8,631000,546595.8
2023-12-18,2023-12-18,935.0,985.0,960.0,429300,496.9,621125,549883.3
2023-12-19,2023-12-19,945.0,995.0,970.0,429300,491.8,614750,553150.0
2023-12-20,2023-12-20,945.0,995.0,970.0,429300,491.8,614750,556416.7
2023-12-21,2023-12-21,940.0,990.0,965.0,429300,494.3,617875,559091.7
2023-12-22,2023-12-22,945.0,995.0,970.0,429300,491.8,614750,561662.5
2023-12-26,2023-12-26,945.0,995.0,970.0,429300,491.8,614750,565395.8
2023-12-27,2023-12-27,950.0,1000.0,975.0,429300,489.2,611500,569200.0
2023-12-28,2023-12-28,950.0,1000.0,975.0,429300,489.2,611500,572358.3
2023-12-29,2023-12-29,975.0,1025.0,1000.0,429300,477.0,596250,575008.3
2024-01-02,2024-01-02,955.0,1005.0,980.0,429300,486.7,608375,578883.3
2024-01-03,2024-01-03,955.0,1005.0,980.0,429300,486.7,608375,582404.2
2024-01-04,2024-01-04,970.0,1020.0,995.0,429300,479.4,599250,585620.8
2024-01-05,2024-01-05,975.0,1025.0,1000.0,429300,477.0,596250,590733.3
2024-01-08,2024-01-08,1000.0,1050.0,1025.0,429300,465.4,581750,595429.2
2024-01-09,2024-01-09,1070.0,1120.0,1095.0,429300,435.6,544500,598379.2
2024-01-10,2024-01-10,1100.0,1150.0,1125.0,429300,424.0,530000,600062.5
2024-01-11,2024-01-11,1070.0,1120.0,1095.0,429300,435.6,544500,602145.8
2024-01-12,2024-01-12,1070.0,1120.0,1095.0,429300,435.6,544500,603445.8
2024-01-15,2024-01-15,1080.0,1130.0,1105.0,429300,431.7,539625,604208.3
2024-01-16,2024-01-16,1130.0,1180.0,1155.0,429300,413.0,516250,598833.3
2024-01-17,2024-01-17,1175.0,1225.0,1200.0,429300,397.5,496875,594025.0
2024-01-18,2024-01-18,1190.0,1240.0,1215.0,429300,392.6,490750,588420.8
2024-01-19,2024-01-19,1170.0,1220.0,1195.0,429300,399.2,499000,582595.8
2024-01-22,2024-01-22,1185.0,1235.0,1210.0,429300,394.2,492750,577650.0
2024-01-23,2024-01-23,1205.0,1255.0,1230.0,429300,387.8,484750,573212.5
2024-01-24,2024-01-24,1205.0,1255.0,1230.0,429300,387.8,484750,568987.5
2024-01-25,2024-01-25,1195.0,1245.0,1220.0,429300,391.0,488750,566258.3
2024-01-26,2024-01-26,1170.0,1220.0,1195.0,429300,399.2,499000,563870.8
2024-01-29,2024-01-29,1175.0,1225.0,1200.0,429300,397.5,496875,559837.5
2024-01-30,2024-01-30,1165.0,1215.0,1190.0,429300,400.8,501000,555504.2
2024-01-31,2024-01-31,1145.0,1195.0,1170.0,429300,407.7,509625,551787.5
2024-02-01,2024-02-01,1165.0,1195.0,1180.0,429300,404.2,505250,548137.5
2024-02-02,2024-02-02,1145.0,1175.0,1160.0,429300,411.2,514000,544779.2
2024-02-05,2024-02-05,1130.0,1160.0,1145.0,429300,416.6,520750,541541.7
2024-02-06,2024-02-06,1115.0,1145.0,1130.0,429300,422.1,527625,538637.5
2024-02-07,2024-02-07,1140.0,1170.0,1155.0,429300,413.0,516250,535354.2
2024-02-08,2024-02-08,1115.0,1145.0,1130.0,429300,422.1,527625,532558.3
2024-02-09,2024-02-09,1115.0,1145.0,1130.0,429300,422.1,527625,529762.5
2024-02-14,2024-02-14,1075.0,1105.0,1090.0,429300,437.6,547000,528120.8
2024-02-15,2024-02-15,1045.0,1075.0,1060.0,429300,450.0,562500,526591.7
2024-02-16,2024-02-16,1065.0,1095.0,1080.0,429300,441.7,552125,524716.7
2024-02-19,2024-02-19,1070.0,1110.0,1090.0,429300,437.6,547000,522975.0
2024-02-20,2024-02-20,1085.0,1115.0,1100.0,429300,433.6,542000,521166.7
2024-02-21,2024-02-21,1085.0,1115.0,1100.0,429300,433.6,542000,519841.7
2024-02-22,2024-02-22,1055.0,1085.0,1070.0,429300,445.8,557250,520266.7
2024-02-23,2024-02-23,1055.0,1085.0,1070.0,429300,445.8,557250,521175.0
2024-02-26,2024-02-26,1050.0,1080.0,1065.0,429300,447.9,559875,521687.5
2024-02-27,2024-02-27,1045.0,1070.0,1058.0,429300,450.9,563625,522325.0
2024-02-28,2024-02-28,1015.0,1045.0,1030.0,429300,463.1,578875,523633.3
2024-02-29,2024-02-29,1000.0,1030.0,1015.0,429300,470.0,587500,526008.3
2024-03-01,2024-03-01,1020.0,1050.0,1035.0,429300,460.9,576125,528650.0
2024-03-04,2024-03-04,985.0,1015.0,1000.0,429300,477.0,596250,532166.7
2024-03-05,2024-03-05,980.0,1010.0,995.0,429300,479.4,599250,535508.3
2024-03-06,2024-03-06,960.0,990.0,975.0,429300,489.2,611500,539466.7
2024-03-07,2024-03-07,955.0,985.0,970.0,429300,491.8,614750,543800.0
2024-03-08,2024-03-08,965.0,995.0,980.0,429300,486.7,608375,547920.8
2024-03-11,2024-03-11,975.0,1005.0,990.0,429300,481.8,602250,551704.2
2024-03-12,2024-03-12,990.0,1020.0,1005.0,429300,474.6,593250,554845.8
2024-03-13,2024-03-13,1005.0,1035.0,1020.0,429300,467.6,584500,557766.7
2024-03-14,2024-03-14,995.0,1025.0,1010.0,429300,472.3,590375,560745.8
2024-03-15,2024-03-15,995.0,1025.0,1010.0,429300,472.3,590375,563437.5
2024-03-18,2024-03-18,995.0,1025.0,1010.0,429300,472.3,590375,566275.0
2024-03-19,2024-03-19,1005.0,1035.0,1020.0,429300,467.6,584500,568625.0
2024-03-20,2024-03-20,1000.0,1030.0,1015.0,429300,470.0,587500,570850.0
2024-03-21,2024-03-21,1000.0,1030.0,1015.0,429300,470.0,587500,572845.8
2024-03-22,2024-03-22,990.0,1020.0,1005.0,429300,474.6,593250,575412.5
2024-03-25,2024-03-25,990.0,1020.0,1005.0,429300,474.6,593250,577600.0
2024-03-26,2024-03-26,985.0,1015.0,1000.0,429300,477.0,596250,579887.5
2024-03-27,2024-03-27,980.0,1010.0,995.0,558090,623.2,779000,587620.8
2024-04-03,2024-04-03,975.0,1005.0,990.0,558090,626.4,783000,594970.8
2024-04-04,2024-04-04,970.0,1000.0,985.0,558090,629.5,786875,602795.8
2024-04-05,2024-04-05,955.0,985.0,970.0,558090,639.3,799125,611200.0
2024-04-08,2024-04-08,955.0,985.0,970.0,558090,639.3,799125,619770.8
2024-04-09,2024-04-09,970.0,1000.0,985.0,558090,629.5,786875,627933.3
2024-04-10,2024-04-10,970.0,1000.0,985.0,558090,629.5,786875,635587.5
2024-04-11,2024-04-11,970.0,1000.0,985.0,558090,629.5,786875,643241.7
2024-04-12,2024-04-12,975.0,1005.0,990.0,558090,626.4,783000,650679.2
2024-04-15,2024-04-15,985.0,1015.0,1000.0,558090,620.1,775125,657729.2
2024-04-16,2024-04-16,1005.0,1035.0,1020.0,558090,607.9,759875,663762.5
2024-04-17,2024-04-17,1000.0,1030.0,1015.0,558090,610.9,763625,669633.3
2024-04-18,2024-04-18,995.0,1025.0,1010.0,558090,614.0,767500,676012.5
2024-04-19,2024-04-19,985.0,1015.0,1000.0,558090,620.1,775125,681975.0
2024-04-22,2024-04-22,1005.0,1035.0,1020.0,558090,607.9,759875,687329.2
2024-04-23,2024-04-23,1000.0,1030.0,1015.0,558090,610.9,763625,692400.0
2024-04-24,2024-04-24,1005.0,1035.0,1020.0,558090,607.9,759875,697237.5
2024-04-25,2024-04-25,1025.0,1055.0,1040.0,558090,596.2,745250,701800.0
2024-04-26,2024-04-26,1025.0,1055.0,1040.0,558090,596.2,745250,706566.7
2024-04-29,2024-04-29,1015.0,1045.0,1030.0,558090,602.0,752500,711875.0
2024-04-30,2024-04-30,1010.0,1040.0,1025.0,665415,721.3,901625,722445.8
2024-05-02,2024-05-02,1010.0,1040.0,1025.0,665415,721.3,901625,732820.8
2024-05-03,2024-05-03,1010.0,1040.0,1025.0,665415,721.3,901625,743195.8
2024-05-06,2024-05-06,1015.0,1045.0,1030.0,665415,717.8,897250,753425.0
2024-05-07,2024-05-07,1010.0,1040.0,1025.0,665415,721.3,901625,763995.8
2024-05-08,2024-05-08,1010.0,1040.0,1025.0,665415,721.3,901625,774466.7
2024-05-09,2024-05-09,1015.0,1045.0,1030.0,665415,717.8,897250,784791.7
2024-05-10,2024-05-10,1010.0,1040.0,1025.0,665415,721.3,901625,795070.8
2024-05-13,2024-05-13,1015.0,1045.0,1030.0,665415,717.8,897250,805204.2
2024-05-14,2024-05-14,1070.0,1070.0,1070.0,665415,691.0,863750,814120.8
2024-05-15,2024-05-15,1070.0,1100.0,1085.0,665415,681.4,851750,816545.8
2024-05-16,2024-05-16,1070.0,1100.0,1085.0,665415,681.4,851750,818837.5
2024-05-17,2024-05-17,1090.0,1120.0,1105.0,665415,669.1,836375,820487.5
2024-05-20,2024-05-20,1150.0,1180.0,1165.0,665415,634.6,793250,820291.7
2024-05-21,2024-05-21,1200.0,1230.0,1215.0,665415,608.5,760625,819008.3
2024-05-22,2024-05-22,1245.0,1275.0,1260.0,665415,586.8,733500,817229.2
2024-05-23,2024-05-23,1250.0,1280.0,1265.0,665415,584.5,730625,815354.2
2024-05-24,2024-05-24,1190.0,1220.0,1205.0,665415,613.6,767000,814691.7
2024-05-27,2024-05-27,1175.0,1205.0,1190.0,665415,621.3,776625,814479.2
2024-05-28,2024-05-28,1180.0,1210.0,1195.0,665415,618.7,773375,814420.8
2024-05-29,2024-05-29,1200.0,1230.0,1215.0,665415,608.5,760625,814445.8
2024-05-30,2024-05-30,1200.0,1230.0,1215.0,665415,608.5,760625,814345.8
2024-05-31,2024-05-31,1195.0,1225.0,1210.0,665415,611.0,763750,814220.8
2024-06-03,2024-06-03,1205.0,1235.0,1220.0,665415,606.0,757500,813633.3
2024-06-04,2024-06-04,1235.0,1265.0,1250.0,665415,591.5,739375,812950.0
2024-06-05,2024-06-05,1220.0,1250.0,1235.0,665415,598.7,748375,812441.7
2024-06-06,2024-06-06,1220.0,1250.0,1235.0,665415,598.7,748375,812058.3
2024-06-07,2024-06-07,1235.0,1265.0,1250.0,665415,591.5,739375,811862.5
2024-06-10,2024-06-10,1250.0,1280.0,1265.0,665415,584.5,730625,811375.0
2024-06-11,2024-06-11,1265.0,1295.0,1280.0,665415,577.6,722000,810358.3
2024-06-12,2024-06-12,1255.0,1285.0,1270.0,665415,582.2,727750,804562.5
2024-06-13,2024-06-13,1215.0,1245.0,1230.0,665415,601.1,751375,799554.2
2024-06-14,2024-06-14,1250.0,1280.0,1265.0,665415,584.5,730625,793854.2
2024-06-18,2024-06-18,1275.0,1305.0,1290.0,665415,573.1,716375,787825.0
2024-06-19,2024-06-19,1270.0,1300.0,1285.0,665415,575.4,719250,781745.8
2024-06-24,2024-06-24,1300.0,1330.0,1315.0,665415,562.2,702750,775116.7
2024-06-25,2024-06-25,1335.0,1365.0,1350.0,665415,547.7,684625,768029.2
2024-06-26,2024-06-26,1345.0,1365.0,1355.0,665415,545.6,682000,760708.3
2024-06-27,2024-06-27,1325.0,1355.0,1340.0,665415,551.8,689750,753791.7
2024-06-28,2024-06-28,1335.0,1365.0,1350.0,665415,547.7,684625,747820.8
2024-07-01,2024-07-01,1375.0,1405.0,1390.0,665415,531.9,664875,741591.7
2024-07-02,2024-07-02,1400.0,1430.0,1415.0,665415,522.5,653125,734970.8
2024-07-03,2024-07-03,1375.0,1405.0,1390.0,665415,531.9,664875,729254.2
2024-07-04,2024-07-04,1375.0,1405.0,1390.0,665415,531.9,664875,724975.0
2024-07-05,2024-07-05,1390.0,1420.0,1405.0,665415,526.2,657750,721545.8
2024-07-08,2024-07-08,1410.0,1440.0,1425.0,665415,518.8,648500,718712.5
2024-07-10,2024-07-10,1420.0,1450.0,1435.0,665415,515.2,644000,715825.0
2024-07-11,2024-07-11,1435.0,1465.0,1450.0,665415,509.9,637375,711504.2
2024-07-12,2024-07-12,1470.0,1500.0,1485.0,665415,497.9,622375,706362.5
2024-07-15,2024-07-15,1385.0,1415.0,1400.0,665415,528.1,660125,702587.5
2024-07-16,2024-07-16,1375.0,1405.0,1390.0,665415,531.9,664875,699395.8
2024-07-17,2024-07-17,1425.0,1455.0,1440.0,665415,513.4,641750,695433.3
2024-07-18,2024-07-18,1425.0,1455.0,1440.0,665415,513.4,641750,691366.7
2024-07-19,2024-07-19,1415.0,1445.0,1430.0,665415,517.0,646250,687658.3
2024-07-22,2024-07-22,1410.0,1440.0,1425.0,665415,518.8,648500,684629.2
2024-07-23,2024-07-23,1415.0,1445.0,1430.0,665415,517.0,646250,681225.0
2024-07-24,2024-07-24,1420.0,1450.0,1435.0,665415,515.2,644000,677745.8
2024-07-25,2024-07-25,1415.0,1445.0,1430.0,665415,517.0,646250,674641.7
2024-07-26,2024-07-26,1405.0,1435.0,1420.0,665415,520.7,650875,671983.3
2024-07-29,2024-07-29,1390.0,1415.0,1402.0,665415,527.4,659250,669891.7
2024-07-30,2024-07-30,1355.0,1385.0,1370.0,665415,539.7,674625,668120.8
2024-07-31,2024-07-31,1340.0,1370.0,1355.0,665415,545.6,682000,665808.3
2024-08-01,2024-08-01,1350.0,1380.0,1365.0,665415,541.6,677000,664020.8
2024-08-02,2024-08-02,1365.0,1395.0,1380.0,665415,535.8,669750,662466.7
2024-08-05,2024-08-05,1360.0,1390.0,1375.0,665415,537.7,672125,660895.8
2024-08-06,2024-08-06,1345.0,1375.0,1360.0,665415,543.6,679500,660120.8
2024-08-07,2024-08-07,1355.0,1385.0,1370.0,665415,539.7,674625,659787.5
2024-08-08,2024-08-08,1345.0,1375.0,1360.0,665415,543.6,679500,659704.2
2024-08-09,2024-08-09,1325.0,1355.0,1340.0,665415,551.8,689750,659704.2
2024-08-12,2024-08-12,1325.0,1355.0,1340.0,665415,551.8,689750,659875.0
2024-08-13,2024-08-13,1330.0,1360.0,1345.0,665415,549.7,687125,660616.7
2024-08-14,2024-08-14,1325.0,1355.0,1340.0,665415,551.8,689750,661837.5
2024-08-15,2024-08-15,1320.0,1350.0,1335.0,665415,553.8,692250,662750.0
2024-08-16,2024-08-16,1315.0,1345.0,1330.0,665415,555.9,694875,663750.0
2024-08-19,2024-08-19,1320.0,1350.0,1335.0,665415,553.8,692250,664900.0
2024-08-20,2024-08-20,1325.0,1355.0,1340.0,665415,551.8,689750,666275.0
2024-08-21,2024-08-21,1325.0,1355.0,1340.0,665415,551.8,689750,667800.0
2024-08-22,2024-08-22,1320.0,1350.0,1335.0,665415,553.8,692250,669629.2
2024-08-23,2024-08-23,1320.0,1350.0,1335.0,665415,553.8,692250,671958.3
2024-08-26,2024-08-26,1320.0,1350.0,1335.0,665415,553.8,692250,673029.2
2024-08-27,2024-08-27,1310.0,1340.0,1325.0,665415,558.0,697500,674116.7
2024-08-28,2024-08-28,1305.0,1335.0,1320.0,665415,560.1,700125,676062.5
2024-08-29,2024-08-29,1285.0,1315.0,1300.0,665415,568.7,710875,678366.7
2024-08-30,2024-08-30,1275.0,1305.0,1290.0,772740,665.6,832000,684558.3
2024-09-02,2024-09-02,1275.0,1305.0,1290.0,772740,665.6,832000,690675.0
